{"files":{"shoppe/sub-72266878fca81e454738df6e8b305023197cd273b985ecf5278e0d62f3f6cc43.css":{"logical_path":"shoppe/sub.css","mtime":"2016-09-06T19:21:20-05:00","size":16934,"digest":"72266878fca81e454738df6e8b305023197cd273b985ecf5278e0d62f3f6cc43","integrity":"sha256-ciZoePyoHkVHON9uizBQIxl80nO5hez1J44NYvP2zEM="},"shoppe/logo-6ca458aa10f87a2873293a3dbb61cc837bc77bdc05945d906189c78634f9ecc2.svg":{"logical_path":"shoppe/logo.svg","mtime":"2016-09-06T19:21:18-05:00","size":3140,"digest":"6ca458aa10f87a2873293a3dbb61cc837bc77bdc05945d906189c78634f9ecc2","integrity":"sha256-bKRYqhD4eihzKTo9u2HMg3vHe9wFlF2QYYnHhjT57MI="},"shoppe/printable-2dac884dc251249e2f802bd9371a91dc7b8a9a436da27a2f788aa7e6947e076f.css":{"logical_path":"shoppe/printable.css","mtime":"2016-09-06T19:21:20-05:00","size":12314,"digest":"2dac884dc251249e2f802bd9371a91dc7b8a9a436da27a2f788aa7e6947e076f","integrity":"sha256-LayITcJRJJ4vgCvZNxqR3HuKmkNtonoveIqn5pR+B28="},"css/bootstrap-theme.css-a71436a16b533dd42ca4a1a0aa1f1c823f081f0efe35b7eba870911c597fc3c1.map":{"logical_path":"css/bootstrap-theme.css.map","mtime":"2015-06-16T16:12:48-05:00","size":47721,"digest":"a71436a16b533dd42ca4a1a0aa1f1c823f081f0efe35b7eba870911c597fc3c1","integrity":"sha256-pxQ2oWtTPdQspKGgqh8cgj8IHw7+NbfrqHCRHFl/w8E="},"css/bootstrap.css-5909107b92bd7cfe15e0e92df57987e2ed12f452b8fd600b31a7bf55ac782849.map":{"logical_path":"css/bootstrap.css.map","mtime":"2015-06-16T16:12:48-05:00","size":390518,"digest":"5909107b92bd7cfe15e0e92df57987e2ed12f452b8fd600b31a7bf55ac782849","integrity":"sha256-WQkQe5K9fP4V4Okt9XmH4u0S9FK4/WALMae/Vax4KEk="},"Brandon Grotesque/Brandon_bld-36906b2b3f6a199b3c59e6d862bfb36ed52d5c8de14ce46da8a8c5890250eb17.otf":{"logical_path":"Brandon Grotesque/Brandon_bld.otf","mtime":"2010-02-21T15:30:40-06:00","size":89928,"digest":"36906b2b3f6a199b3c59e6d862bfb36ed52d5c8de14ce46da8a8c5890250eb17","integrity":"sha256-NpBrKz9qGZs8WebYYr+zbtUtXI3hTORtqKjFiQJQ6xc="},"Brandon Grotesque/Brandon_bld_it-1fe9812f700fd9bfa982a8b57e16a1540bb7b9b35ad834ffa79ef1898abf40cb.otf":{"logical_path":"Brandon Grotesque/Brandon_bld_it.otf","mtime":"2010-02-21T15:30:36-06:00","size":82184,"digest":"1fe9812f700fd9bfa982a8b57e16a1540bb7b9b35ad834ffa79ef1898abf40cb","integrity":"sha256-H+mBL3AP2b+pgqi1fhahVAu3ubNa2DT/p57xiYq/QMs="},"Brandon Grotesque/Brandon_blk-b6f59c7db553f699a9c4995ce7583b2b158eb3f767ba99514ffa9ae94c41a8ef.otf":{"logical_path":"Brandon Grotesque/Brandon_blk.otf","mtime":"2010-02-21T15:30:44-06:00","size":90892,"digest":"b6f59c7db553f699a9c4995ce7583b2b158eb3f767ba99514ffa9ae94c41a8ef","integrity":"sha256-tvWcfbVT9pmpxJlc51g7KxWOs/dnuplRT/qa6UxBqO8="},"Brandon Grotesque/Brandon_blk_it-7eeb4847bdd8da68030f751d62df699e3cffa45f32825d3be14c78fa4e363dfd.otf":{"logical_path":"Brandon Grotesque/Brandon_blk_it.otf","mtime":"2010-02-21T15:30:42-06:00","size":83176,"digest":"7eeb4847bdd8da68030f751d62df699e3cffa45f32825d3be14c78fa4e363dfd","integrity":"sha256-futIR73Y2mgDD3UdYt9pnjz/pF8ygl074Ux4+k42Pf0="},"Brandon Grotesque/Brandon_light-457fff5b89deb8a2726044f050ca2812bf63761be451ca76f1d40e39a28e60e8.otf":{"logical_path":"Brandon Grotesque/Brandon_light.otf","mtime":"2010-02-21T15:30:50-06:00","size":87268,"digest":"457fff5b89deb8a2726044f050ca2812bf63761be451ca76f1d40e39a28e60e8","integrity":"sha256-RX//W4neuKJyYETwUMooEr9jdhvkUcp28dQOOaKOYOg="},"Brandon Grotesque/Brandon_light_it-6d98f67dab9ef4acd1bc04a4404a3d59ed9050cfbe5f8b1705ae16097ef91ac4.otf":{"logical_path":"Brandon Grotesque/Brandon_light_it.otf","mtime":"2010-02-21T15:30:46-06:00","size":78932,"digest":"6d98f67dab9ef4acd1bc04a4404a3d59ed9050cfbe5f8b1705ae16097ef91ac4","integrity":"sha256-bZj2faue9KzRvASkQEo9We2QUM++X4sXBa4WCX75GsQ="},"Brandon Grotesque/Brandon_med-1f9d6d92a89f1ccfea85b8384cb0861cfb916716923e2a461c96b621fe2d1626.otf":{"logical_path":"Brandon Grotesque/Brandon_med.otf","mtime":"2010-02-21T15:30:56-06:00","size":89536,"digest":"1f9d6d92a89f1ccfea85b8384cb0861cfb916716923e2a461c96b621fe2d1626","integrity":"sha256-H51tkqifHM/qhbg4TLCGHPuRZxaSPipGHJa2If4tFiY="},"Brandon Grotesque/Brandon_med_it-c177e79de62544aec2ec10a217303f3b2c7aff111c63ed77b066da9ab1ba877b.otf":{"logical_path":"Brandon Grotesque/Brandon_med_it.otf","mtime":"2010-02-21T15:30:52-06:00","size":80944,"digest":"c177e79de62544aec2ec10a217303f3b2c7aff111c63ed77b066da9ab1ba877b","integrity":"sha256-wXfnneYlRK7C7BCiFzA/Oyx6/xEcY+13sGbamrG6h3s="},"Brandon Grotesque/Brandon_reg-f02b5750f291a5bd474f7cdbcb7b3fa79f2016c6af20d661b490b9bf945d41fc.otf":{"logical_path":"Brandon Grotesque/Brandon_reg.otf","mtime":"2010-02-21T15:31:00-06:00","size":86528,"digest":"f02b5750f291a5bd474f7cdbcb7b3fa79f2016c6af20d661b490b9bf945d41fc","integrity":"sha256-8CtXUPKRpb1HT3zby3s/p58gFsavINZhtJC5v5RdQfw="},"Brandon Grotesque/Brandon_reg_it-20af21c13a1605b606567ba4783783baf677010846e6a00f4268e0d88cb2ab20.otf":{"logical_path":"Brandon Grotesque/Brandon_reg_it.otf","mtime":"2010-02-21T15:30:58-06:00","size":81192,"digest":"20af21c13a1605b606567ba4783783baf677010846e6a00f4268e0d88cb2ab20","integrity":"sha256-IK8hwToWBbYGVnukeDeDuvZ3AQhG5qAPQmjg2IyyqyA="},"Brandon Grotesque/Brandon_thin-0fc24cc0c32b383c22b2c73d31a5009314444578a0f40539f919107df82ed7f4.otf":{"logical_path":"Brandon Grotesque/Brandon_thin.otf","mtime":"2010-02-21T15:31:06-06:00","size":90808,"digest":"0fc24cc0c32b383c22b2c73d31a5009314444578a0f40539f919107df82ed7f4","integrity":"sha256-D8JMwMMrODwissc9MaUAkxRERXig9AU5+RkQffgu1/Q="},"Brandon Grotesque/Brandon_thin_it-5c876e17aabfc265bd22c3a0b7480b4ed27a56b8f2ba675a3b09e6da4c57d295.otf":{"logical_path":"Brandon Grotesque/Brandon_thin_it.otf","mtime":"2010-02-21T15:31:02-06:00","size":83044,"digest":"5c876e17aabfc265bd22c3a0b7480b4ed27a56b8f2ba675a3b09e6da4c57d295","integrity":"sha256-XIduF6q/wmW9IsOgt0gLTtJ6VrjyumdaOwnm2kxX0pU="},"logo/Thumbs-7caad009f084123ce78c263e4eb124d63599113c75ea4f319b13486997dcf54f.db":{"logical_path":"logo/Thumbs.db","mtime":"2015-10-18T11:21:46-05:00","size":4096,"digest":"7caad009f084123ce78c263e4eb124d63599113c75ea4f319b13486997dcf54f","integrity":"sha256-fKrQCfCEEjznjCY+TrEk1jWZETx16k8xmxNIaZfc9U8="},"logo/logo_brown-7e18cfe21d446018de4c3bf4793dbdeef65cb39a8ac8e50fa95619be07575487.png":{"logical_path":"logo/logo_brown.png","mtime":"2016-07-30T18:43:26-05:00","size":31453,"digest":"7e18cfe21d446018de4c3bf4793dbdeef65cb39a8ac8e50fa95619be07575487","integrity":"sha256-fhjP4h1EYBjeTDv0eT297vZcs5qKyOUPqVYZvgdXVIc="},"logo/logo_brown_no_text-0b63a32da177d0592af6578d79c3b7b2ae1e6fa6744ea0140d5b358e053f55b9.png":{"logical_path":"logo/logo_brown_no_text.png","mtime":"2016-09-06T09:43:52-05:00","size":11543,"digest":"0b63a32da177d0592af6578d79c3b7b2ae1e6fa6744ea0140d5b358e053f55b9","integrity":"sha256-C2OjLaF30Fkq9leNecO3sq4eb6Z0TqAUDVs1jgU/Vbk="},"logo/logo_bw-4ca8483d49acde834de982ddfb25a0fe406f56d6626c38cef84a161e5e0c9dee.png":{"logical_path":"logo/logo_bw.png","mtime":"2016-09-13T23:24:06-05:00","size":32526,"digest":"4ca8483d49acde834de982ddfb25a0fe406f56d6626c38cef84a161e5e0c9dee","integrity":"sha256-TKhIPUms3oNN6YLd+yWg/kBvVtZibDjO+EoWHl4Mne4="},"logo/logo_bw_inverse-df233876824c0b44f671f3d0a31d61d87a17ec9af35561da0c87baf42cc07a38.png":{"logical_path":"logo/logo_bw_inverse.png","mtime":"2016-09-13T23:42:11-05:00","size":9637,"digest":"df233876824c0b44f671f3d0a31d61d87a17ec9af35561da0c87baf42cc07a38","integrity":"sha256-3yM4doJMC0T2cfPQox1h2HoX7JrzVWHaDIe69CzAejg="},"logo/small_logo_brown_no_text-0b63a32da177d0592af6578d79c3b7b2ae1e6fa6744ea0140d5b358e053f55b9.png":{"logical_path":"logo/small_logo_brown_no_text.png","mtime":"2016-09-06T09:45:31-05:00","size":11543,"digest":"0b63a32da177d0592af6578d79c3b7b2ae1e6fa6744ea0140d5b358e053f55b9","integrity":"sha256-C2OjLaF30Fkq9leNecO3sq4eb6Z0TqAUDVs1jgU/Vbk="},"profile_pic_default-0e54b5fc788f295203864f26278f72c09f93853b0be3df3d23fa3bac5a62b481.png":{"logical_path":"profile_pic_default.png","mtime":"2016-09-06T09:57:45-05:00","size":5296,"digest":"0e54b5fc788f295203864f26278f72c09f93853b0be3df3d23fa3bac5a62b481","integrity":"sha256-DlS1/HiPKVIDhk8mJ49ywJ+ThTsL4989I/o7rFpitIE="},"application-8c3598e7c9205071123ea6a8cade888272208f4a7b750e8e6de3393bc519924e.js":{"logical_path":"application.js","mtime":"2016-10-03T04:02:06-05:00","size":488031,"digest":"8c3598e7c9205071123ea6a8cade888272208f4a7b750e8e6de3393bc519924e","integrity":"sha256-jDWY58kgUHESPqaoyt6IgnIgj0p7dQ6ObeM5O8UZkk4="},"application-5532f47946d0a3925554ce0fd6c9bb5f1792dca15d24c80bd2de86bdcbf41557.css":{"logical_path":"application.css","mtime":"2016-10-02T23:09:19-05:00","size":363248,"digest":"5532f47946d0a3925554ce0fd6c9bb5f1792dca15d24c80bd2de86bdcbf41557","integrity":"sha256-VTL0eUbQo5JVVM4P1sm7XxeS3KFdJMgL0t6Gvcv0FVc="},"bootstrap/glyphicons-halflings-regular-13634da87d9e23f8c3ed9108ce1724d183a39ad072e73e1b3d8cbf646d2d0407.eot":{"logical_path":"bootstrap/glyphicons-halflings-regular.eot","mtime":"2016-09-06T19:20:16-05:00","size":20127,"digest":"13634da87d9e23f8c3ed9108ce1724d183a39ad072e73e1b3d8cbf646d2d0407","integrity":"sha256-E2NNqH2eI/jD7ZEIzhck0YOjmtBy5z4bPYy/ZG0tBAc="},"bootstrap/glyphicons-halflings-regular-fe185d11a49676890d47bb783312a0cda5a44c4039214094e7957b4c040ef11c.woff2":{"logical_path":"bootstrap/glyphicons-halflings-regular.woff2","mtime":"2016-09-06T19:20:16-05:00","size":18028,"digest":"fe185d11a49676890d47bb783312a0cda5a44c4039214094e7957b4c040ef11c","integrity":"sha256-/hhdEaSWdokNR7t4MxKgzaWkTEA5IUCU55V7TAQO8Rw="},"bootstrap/glyphicons-halflings-regular-a26394f7ede100ca118eff2eda08596275a9839b959c226e15439557a5a80742.woff":{"logical_path":"bootstrap/glyphicons-halflings-regular.woff","mtime":"2016-09-06T19:20:16-05:00","size":23424,"digest":"a26394f7ede100ca118eff2eda08596275a9839b959c226e15439557a5a80742","integrity":"sha256-omOU9+3hAMoRjv8u2ghZYnWpg5uVnCJuFUOVV6WoB0I="},"bootstrap/glyphicons-halflings-regular-e395044093757d82afcb138957d06a1ea9361bdcf0b442d06a18a8051af57456.ttf":{"logical_path":"bootstrap/glyphicons-halflings-regular.ttf","mtime":"2016-09-06T19:20:16-05:00","size":45404,"digest":"e395044093757d82afcb138957d06a1ea9361bdcf0b442d06a18a8051af57456","integrity":"sha256-45UEQJN1fYKvyxOJV9BqHqk2G9zwtELQahioBRr1dFY="},"bootstrap/glyphicons-halflings-regular-42f60659d265c1a3c30f9fa42abcbb56bd4a53af4d83d316d6dd7a36903c43e5.svg":{"logical_path":"bootstrap/glyphicons-halflings-regular.svg","mtime":"2016-09-06T19:20:16-05:00","size":108738,"digest":"42f60659d265c1a3c30f9fa42abcbb56bd4a53af4d83d316d6dd7a36903c43e5","integrity":"sha256-QvYGWdJlwaPDD5+kKry7Vr1KU69Ng9MW1t16NpA8Q+U="},"shoppe/application-5ffaa0c7563b07523bb34b8f76f8e37b57a34d3637c41d4f8df0acb2b4c59178.js":{"logical_path":"shoppe/application.js","mtime":"2016-10-02T22:56:46-05:00","size":429426,"digest":"5ffaa0c7563b07523bb34b8f76f8e37b57a34d3637c41d4f8df0acb2b4c59178","integrity":"sha256-X/qgx1Y7B1I7s0uPdvjje1ejTTY3xB1PjfCssrTFkXg="},"shoppe/application-4dd67c5de8b381990eecc0f5e75aa705d3ca9530855ec42ec240ccb5cc15db87.css":{"logical_path":"shoppe/application.css","mtime":"2016-09-06T19:21:20-05:00","size":92077,"digest":"4dd67c5de8b381990eecc0f5e75aa705d3ca9530855ec42ec240ccb5cc15db87","integrity":"sha256-TdZ8XeizgZkO7MD151qnBdPKlTCFXsQuwkDMtcwV24c="},"shoppe/chosen-sprite-e670fdcaf8cd467a9a1a67e9a5c1f73288089f59dc08031b118dc26fbd233c80.png":{"logical_path":"shoppe/chosen-sprite.png","mtime":"2016-09-06T19:21:18-05:00","size":646,"digest":"e670fdcaf8cd467a9a1a67e9a5c1f73288089f59dc08031b118dc26fbd233c80","integrity":"sha256-5nD9yvjNRnqaGmfppcH3MogIn1ncCAMbEY3Cb70jPIA="},"shoppe/chosen-sprite@2x-edc297359fe8a5f6ee0bc4a1abc36ce4a773104a9225e17bbe592f820c617a72.png":{"logical_path":"shoppe/chosen-sprite@2x.png","mtime":"2016-09-06T19:21:18-05:00","size":872,"digest":"edc297359fe8a5f6ee0bc4a1abc36ce4a773104a9225e17bbe592f820c617a72","integrity":"sha256-7cKXNZ/opfbuC8Shq8Ns5KdzEEqSJeF7vlkvggxhenI="},"shoppe/shoppe-b7e8f75d9045d2327c4b28e6cd35f7e5a8585920d4315b16fbd86ad172c06b4f.svg":{"logical_path":"shoppe/shoppe.svg","mtime":"2016-09-06T19:21:18-05:00","size":1928,"digest":"b7e8f75d9045d2327c4b28e6cd35f7e5a8585920d4315b16fbd86ad172c06b4f","integrity":"sha256-t+j3XZBF0jJ8SyjmzTX35ahYWSDUMVsW+9hq0XLAa08="},"shoppe/icons/tags-1ee83d0f2c60d5fd7f70806912e1948eed51bcbec7b08e3aa06ffe70af44543f.svg":{"logical_path":"shoppe/icons/tags.svg","mtime":"2016-09-06T19:21:18-05:00","size":1298,"digest":"1ee83d0f2c60d5fd7f70806912e1948eed51bcbec7b08e3aa06ffe70af44543f","integrity":"sha256-Hug9Dyxg1f1/cIBpEuGUju1RvL7HsI46oG/+cK9EVD8="},"shoppe/icons/bag-8c9f1e152e46b6691542c2a0f0b429fec538a7af9c3b4af584cea44d0c6e0db7.svg":{"logical_path":"shoppe/icons/bag.svg","mtime":"2016-09-06T19:21:18-05:00","size":781,"digest":"8c9f1e152e46b6691542c2a0f0b429fec538a7af9c3b4af584cea44d0c6e0db7","integrity":"sha256-jJ8eFS5GtmkVQsKg8LQp/sU4p6+cO0r1hM6kTQxuDbc="},"shoppe/icons/box-19f09b7d113691090985c8e03eca51fcfc2b805f2b67a6180dde96001b6c2e2b.svg":{"logical_path":"shoppe/icons/box.svg","mtime":"2016-09-06T19:21:18-05:00","size":709,"digest":"19f09b7d113691090985c8e03eca51fcfc2b805f2b67a6180dde96001b6c2e2b","integrity":"sha256-GfCbfRE2kQkJhcjgPspR/PwrgF8rZ6YYDd6WABtsLis="},"shoppe/icons/currency-9f5ed32d0474b9827200018d375be017855a582a868a7cc38c85ed98dd4f2328.svg":{"logical_path":"shoppe/icons/currency.svg","mtime":"2016-09-06T19:21:18-05:00","size":1324,"digest":"9f5ed32d0474b9827200018d375be017855a582a868a7cc38c85ed98dd4f2328","integrity":"sha256-n17TLQR0uYJyAAGNN1vgF4VaWCqGinzDjIXtmN1PIyg="},"shoppe/icons/id-cb2a42ea443d6081564941fbfadd207f9516796da83572022a6ff3ea75216e74.svg":{"logical_path":"shoppe/icons/id.svg","mtime":"2016-09-06T19:21:18-05:00","size":1221,"digest":"cb2a42ea443d6081564941fbfadd207f9516796da83572022a6ff3ea75216e74","integrity":"sha256-yypC6kQ9YIFWSUH7+t0gf5UWeW2oNXICKm/z6nUhbnQ="},"shoppe/icons/globe-11325b004300917434c11f23f0515c927ada6aa658e08027a81efa1a2e26b4ab.svg":{"logical_path":"shoppe/icons/globe.svg","mtime":"2016-09-06T19:21:18-05:00","size":1243,"digest":"11325b004300917434c11f23f0515c927ada6aa658e08027a81efa1a2e26b4ab","integrity":"sha256-ETJbAEMAkXQ0wR8j8FFcknraaqZY4IAnqB76Gi4mtKs="},"shoppe/icons/toolbox-971d790a3360106ae72a99f5fb425147d113cd106f6b3442a96e6dca9aab1b06.svg":{"logical_path":"shoppe/icons/toolbox.svg","mtime":"2016-09-06T19:21:18-05:00","size":1006,"digest":"971d790a3360106ae72a99f5fb425147d113cd106f6b3442a96e6dca9aab1b06","integrity":"sha256-lx15CjNgEGrnKpn1+0JRR9ETzRBvazRCqW5typqrGwY="},"shoppe/statuses/shipped-4593fec130c1f51138c16439c706ec65a96d5586ab601d5cfa439f0e385864da.svg":{"logical_path":"shoppe/statuses/shipped.svg","mtime":"2016-09-06T19:21:18-05:00","size":759,"digest":"4593fec130c1f51138c16439c706ec65a96d5586ab601d5cfa439f0e385864da","integrity":"sha256-RZP+wTDB9RE4wWQ5xwbsZaltVYarYB1c+kOfDjhYZNo="},"shoppe/statuses/accepted-d95dec12e7759a7af1e46b5dfc39057ea9654346a25c5d8eaeae251cab38813a.svg":{"logical_path":"shoppe/statuses/accepted.svg","mtime":"2016-09-06T19:21:18-05:00","size":956,"digest":"d95dec12e7759a7af1e46b5dfc39057ea9654346a25c5d8eaeae251cab38813a","integrity":"sha256-2V3sEud1mnrx5Gtd/DkFfqllQ0aiXF2Orq4lHKs4gTo="},"shoppe/statuses/rejected-e7b87cde8329aefb9cc8407ac210f6dd9bbdbe6267a7cc130d0719c0fc6d2166.svg":{"logical_path":"shoppe/statuses/rejected.svg","mtime":"2016-09-06T19:21:18-05:00","size":955,"digest":"e7b87cde8329aefb9cc8407ac210f6dd9bbdbe6267a7cc130d0719c0fc6d2166","integrity":"sha256-57h83oMprvucyEB6whD23Zu9vmJnp8wTDQcZwPxtIWY="},"shoppe/statuses/received-7d3422371d33a6f91829b124657d46d58664573c2c0873bc6927f72f631da2b0.svg":{"logical_path":"shoppe/statuses/received.svg","mtime":"2016-09-06T19:21:18-05:00","size":1089,"digest":"7d3422371d33a6f91829b124657d46d58664573c2c0873bc6927f72f631da2b0","integrity":"sha256-fTQiNx0zpvkYKbEkZX1G1YZkVzwsCHO8aSf3L2MdorA="},"shoppe/icons/support-16b6b0040ca75da799f19cb4ac17d89dd61421bb86bcf580287a5d7a7a8a717c.svg":{"logical_path":"shoppe/icons/support.svg","mtime":"2016-09-06T19:21:18-05:00","size":1529,"digest":"16b6b0040ca75da799f19cb4ac17d89dd61421bb86bcf580287a5d7a7a8a717c","integrity":"sha256-FrawBAynXaeZ8Zy0rBfYndYUIbuGvPWAKHpdenqKcXw="},"shoppe/move-6e32f2d0a5acb84ace1e31a7defbd76bfdf02a46959fa693e1505ba92b214956.svg":{"logical_path":"shoppe/move.svg","mtime":"2016-09-06T19:21:18-05:00","size":1043,"digest":"6e32f2d0a5acb84ace1e31a7defbd76bfdf02a46959fa693e1505ba92b214956","integrity":"sha256-bjLy0KWsuErOHjGn3vvXa/3wKkaVn6aT4VBbqSshSVY="},"shoppe/table-tear-off-0b5e2d0733f33a2e0240676922cb90f7dc7ac5913cac78ca0295e821cb796754.png":{"logical_path":"shoppe/table-tear-off.png","mtime":"2016-09-06T19:21:18-05:00","size":198,"digest":"0b5e2d0733f33a2e0240676922cb90f7dc7ac5913cac78ca0295e821cb796754","integrity":"sha256-C14tBzPzOi4CQGdpIsuQ99x6xZE8rHjKApXoIct5Z1Q="},"shoppe/document-62e9c3b2bebfaa226b36661c682a3037582c73aaa59a31755b18f3b21dbafea6.svg":{"logical_path":"shoppe/document.svg","mtime":"2016-09-06T19:21:18-05:00","size":709,"digest":"62e9c3b2bebfaa226b36661c682a3037582c73aaa59a31755b18f3b21dbafea6","integrity":"sha256-YunDsr6/qiJrNmYcaCowN1gsc6qlmjF1Wxjzsh26/qY="},"shoppe/square-0e7f64d1a4156f6e0a129506260ad6d60640667e589b0ce332a74ebe8c958150.svg":{"logical_path":"shoppe/square.svg","mtime":"2016-09-06T19:21:18-05:00","size":468,"digest":"0e7f64d1a4156f6e0a129506260ad6d60640667e589b0ce332a74ebe8c958150","integrity":"sha256-Dn9k0aQVb24KEpUGJgrW1gZAZn5YmwzjMqdOvoyVgVA="},"shoppe/statuses/paid-a600d842c128497f9f7159ccc2e8af77c8f8ddd95e595545f6bb923516ee0782.svg":{"logical_path":"shoppe/statuses/paid.svg","mtime":"2016-09-06T19:21:18-05:00","size":1203,"digest":"a600d842c128497f9f7159ccc2e8af77c8f8ddd95e595545f6bb923516ee0782","integrity":"sha256-pgDYQsEoSX+fcVnMwuivd8j43dleWVVF9ruSNRbuB4I="},"shoppe/icons/edit-1bcc0ace3019fc09f8132c628afa67ad3c4c678a4bab44bc65a84d7b48867918.svg":{"logical_path":"shoppe/icons/edit.svg","mtime":"2016-09-06T19:21:18-05:00","size":784,"digest":"1bcc0ace3019fc09f8132c628afa67ad3c4c678a4bab44bc65a84d7b48867918","integrity":"sha256-G8wKzjAZ/An4EyxiivpnrTxMZ4pLq0S8ZahNe0iGeRg="},"application-185f8baed59763f2294b18aea159c3b86687960405bdd5fc6bcc4e8c06f1d74d.js":{"logical_path":"application.js","mtime":"2016-10-03T04:26:49-05:00","size":418322,"digest":"185f8baed59763f2294b18aea159c3b86687960405bdd5fc6bcc4e8c06f1d74d","integrity":"sha256-GF+LrtWXY/IpSxiuoVnDuGaHlgQFvdX8a8xOjAbx100="}},"assets":{"shoppe/sub.css":"shoppe/sub-72266878fca81e454738df6e8b305023197cd273b985ecf5278e0d62f3f6cc43.css","shoppe/logo.svg":"shoppe/logo-6ca458aa10f87a2873293a3dbb61cc837bc77bdc05945d906189c78634f9ecc2.svg","shoppe/printable.css":"shoppe/printable-2dac884dc251249e2f802bd9371a91dc7b8a9a436da27a2f788aa7e6947e076f.css","css/bootstrap-theme.css.map":"css/bootstrap-theme.css-a71436a16b533dd42ca4a1a0aa1f1c823f081f0efe35b7eba870911c597fc3c1.map","css/bootstrap.css.map":"css/bootstrap.css-5909107b92bd7cfe15e0e92df57987e2ed12f452b8fd600b31a7bf55ac782849.map","Brandon Grotesque/Brandon_bld.otf":"Brandon Grotesque/Brandon_bld-36906b2b3f6a199b3c59e6d862bfb36ed52d5c8de14ce46da8a8c5890250eb17.otf","Brandon Grotesque/Brandon_bld_it.otf":"Brandon Grotesque/Brandon_bld_it-1fe9812f700fd9bfa982a8b57e16a1540bb7b9b35ad834ffa79ef1898abf40cb.otf","Brandon Grotesque/Brandon_blk.otf":"Brandon Grotesque/Brandon_blk-b6f59c7db553f699a9c4995ce7583b2b158eb3f767ba99514ffa9ae94c41a8ef.otf","Brandon Grotesque/Brandon_blk_it.otf":"Brandon Grotesque/Brandon_blk_it-7eeb4847bdd8da68030f751d62df699e3cffa45f32825d3be14c78fa4e363dfd.otf","Brandon Grotesque/Brandon_light.otf":"Brandon Grotesque/Brandon_light-457fff5b89deb8a2726044f050ca2812bf63761be451ca76f1d40e39a28e60e8.otf","Brandon Grotesque/Brandon_light_it.otf":"Brandon Grotesque/Brandon_light_it-6d98f67dab9ef4acd1bc04a4404a3d59ed9050cfbe5f8b1705ae16097ef91ac4.otf","Brandon Grotesque/Brandon_med.otf":"Brandon Grotesque/Brandon_med-1f9d6d92a89f1ccfea85b8384cb0861cfb916716923e2a461c96b621fe2d1626.otf","Brandon Grotesque/Brandon_med_it.otf":"Brandon Grotesque/Brandon_med_it-c177e79de62544aec2ec10a217303f3b2c7aff111c63ed77b066da9ab1ba877b.otf","Brandon Grotesque/Brandon_reg.otf":"Brandon Grotesque/Brandon_reg-f02b5750f291a5bd474f7cdbcb7b3fa79f2016c6af20d661b490b9bf945d41fc.otf","Brandon Grotesque/Brandon_reg_it.otf":"Brandon Grotesque/Brandon_reg_it-20af21c13a1605b606567ba4783783baf677010846e6a00f4268e0d88cb2ab20.otf","Brandon Grotesque/Brandon_thin.otf":"Brandon Grotesque/Brandon_thin-0fc24cc0c32b383c22b2c73d31a5009314444578a0f40539f919107df82ed7f4.otf","Brandon Grotesque/Brandon_thin_it.otf":"Brandon Grotesque/Brandon_thin_it-5c876e17aabfc265bd22c3a0b7480b4ed27a56b8f2ba675a3b09e6da4c57d295.otf","logo/Thumbs.db":"logo/Thumbs-7caad009f084123ce78c263e4eb124d63599113c75ea4f319b13486997dcf54f.db","logo/logo_brown.png":"logo/logo_brown-7e18cfe21d446018de4c3bf4793dbdeef65cb39a8ac8e50fa95619be07575487.png","logo/logo_brown_no_text.png":"logo/logo_brown_no_text-0b63a32da177d0592af6578d79c3b7b2ae1e6fa6744ea0140d5b358e053f55b9.png","logo/logo_bw.png":"logo/logo_bw-4ca8483d49acde834de982ddfb25a0fe406f56d6626c38cef84a161e5e0c9dee.png","logo/logo_bw_inverse.png":"logo/logo_bw_inverse-df233876824c0b44f671f3d0a31d61d87a17ec9af35561da0c87baf42cc07a38.png","logo/small_logo_brown_no_text.png":"logo/small_logo_brown_no_text-0b63a32da177d0592af6578d79c3b7b2ae1e6fa6744ea0140d5b358e053f55b9.png","profile_pic_default.png":"profile_pic_default-0e54b5fc788f295203864f26278f72c09f93853b0be3df3d23fa3bac5a62b481.png","application.js":"application-185f8baed59763f2294b18aea159c3b86687960405bdd5fc6bcc4e8c06f1d74d.js","application.css":"application-5532f47946d0a3925554ce0fd6c9bb5f1792dca15d24c80bd2de86bdcbf41557.css","bootstrap/glyphicons-halflings-regular.eot":"bootstrap/glyphicons-halflings-regular-13634da87d9e23f8c3ed9108ce1724d183a39ad072e73e1b3d8cbf646d2d0407.eot","bootstrap/glyphicons-halflings-regular.woff2":"bootstrap/glyphicons-halflings-regular-fe185d11a49676890d47bb783312a0cda5a44c4039214094e7957b4c040ef11c.woff2","bootstrap/glyphicons-halflings-regular.woff":"bootstrap/glyphicons-halflings-regular-a26394f7ede100ca118eff2eda08596275a9839b959c226e15439557a5a80742.woff","bootstrap/glyphicons-halflings-regular.ttf":"bootstrap/glyphicons-halflings-regular-e395044093757d82afcb138957d06a1ea9361bdcf0b442d06a18a8051af57456.ttf","bootstrap/glyphicons-halflings-regular.svg":"bootstrap/glyphicons-halflings-regular-42f60659d265c1a3c30f9fa42abcbb56bd4a53af4d83d316d6dd7a36903c43e5.svg","shoppe/application.js":"shoppe/application-5ffaa0c7563b07523bb34b8f76f8e37b57a34d3637c41d4f8df0acb2b4c59178.js","shoppe/application.css":"shoppe/application-4dd67c5de8b381990eecc0f5e75aa705d3ca9530855ec42ec240ccb5cc15db87.css","shoppe/chosen-sprite.png":"shoppe/chosen-sprite-e670fdcaf8cd467a9a1a67e9a5c1f73288089f59dc08031b118dc26fbd233c80.png","shoppe/chosen-sprite@2x.png":"shoppe/chosen-sprite@2x-edc297359fe8a5f6ee0bc4a1abc36ce4a773104a9225e17bbe592f820c617a72.png","shoppe/shoppe.svg":"shoppe/shoppe-b7e8f75d9045d2327c4b28e6cd35f7e5a8585920d4315b16fbd86ad172c06b4f.svg","shoppe/icons/tags.svg":"shoppe/icons/tags-1ee83d0f2c60d5fd7f70806912e1948eed51bcbec7b08e3aa06ffe70af44543f.svg","shoppe/icons/bag.svg":"shoppe/icons/bag-8c9f1e152e46b6691542c2a0f0b429fec538a7af9c3b4af584cea44d0c6e0db7.svg","shoppe/icons/box.svg":"shoppe/icons/box-19f09b7d113691090985c8e03eca51fcfc2b805f2b67a6180dde96001b6c2e2b.svg","shoppe/icons/currency.svg":"shoppe/icons/currency-9f5ed32d0474b9827200018d375be017855a582a868a7cc38c85ed98dd4f2328.svg","shoppe/icons/id.svg":"shoppe/icons/id-cb2a42ea443d6081564941fbfadd207f9516796da83572022a6ff3ea75216e74.svg","shoppe/icons/globe.svg":"shoppe/icons/globe-11325b004300917434c11f23f0515c927ada6aa658e08027a81efa1a2e26b4ab.svg","shoppe/icons/toolbox.svg":"shoppe/icons/toolbox-971d790a3360106ae72a99f5fb425147d113cd106f6b3442a96e6dca9aab1b06.svg","shoppe/statuses/shipped.svg":"shoppe/statuses/shipped-4593fec130c1f51138c16439c706ec65a96d5586ab601d5cfa439f0e385864da.svg","shoppe/statuses/accepted.svg":"shoppe/statuses/accepted-d95dec12e7759a7af1e46b5dfc39057ea9654346a25c5d8eaeae251cab38813a.svg","shoppe/statuses/rejected.svg":"shoppe/statuses/rejected-e7b87cde8329aefb9cc8407ac210f6dd9bbdbe6267a7cc130d0719c0fc6d2166.svg","shoppe/statuses/received.svg":"shoppe/statuses/received-7d3422371d33a6f91829b124657d46d58664573c2c0873bc6927f72f631da2b0.svg","shoppe/icons/support.svg":"shoppe/icons/support-16b6b0040ca75da799f19cb4ac17d89dd61421bb86bcf580287a5d7a7a8a717c.svg","shoppe/move.svg":"shoppe/move-6e32f2d0a5acb84ace1e31a7defbd76bfdf02a46959fa693e1505ba92b214956.svg","shoppe/table-tear-off.png":"shoppe/table-tear-off-0b5e2d0733f33a2e0240676922cb90f7dc7ac5913cac78ca0295e821cb796754.png","shoppe/document.svg":"shoppe/document-62e9c3b2bebfaa226b36661c682a3037582c73aaa59a31755b18f3b21dbafea6.svg","shoppe/square.svg":"shoppe/square-0e7f64d1a4156f6e0a129506260ad6d60640667e589b0ce332a74ebe8c958150.svg","shoppe/statuses/paid.svg":"shoppe/statuses/paid-a600d842c128497f9f7159ccc2e8af77c8f8ddd95e595545f6bb923516ee0782.svg","shoppe/icons/edit.svg":"shoppe/icons/edit-1bcc0ace3019fc09f8132c628afa67ad3c4c678a4bab44bc65a84d7b48867918.svg"}}